{
    "accuracy": 0.8524473711840826,
    "precision": 0.6934119801766861,
    "recall": 0.49849232456140347,
    "f1": 0.5753200808625336,
    "loss": 0.36540891975164413
}