{
    "accuracy": 0.8660344055448674,
    "precision": 0.9170057679773255,
    "recall": 0.9257644480562331,
    "f1": 0.9208654357264467,
    "loss": 0.34438423461773815
}