{
    "accuracy": 0.8680210173907624,
    "precision": 0.9160074656065558,
    "recall": 0.9297073214097215,
    "f1": 0.9222958044603269,
    "loss": 0.32281385449802175
}